SA2_CODE,SA2_NAME_BOUNDARY,listing_count,occupied_nights,avg_occupancy,avg_availability_365,total_reviews,avg_reviews_per_listing,avg_review_score,avg_price,SA2_NAME,population,children_0_14,young_adults_20_34,older_65_plus,pct_children_0_14,pct_young_adults_20_34,pct_older_65_plus,listings_per_1000_people,occupied_nights_per_1000_people,reviews_per_1000_people
128021537,Royal National Park,8,726,90.75,189.125,488,61.0,4.855,,Royal National Park,45.0,12.0,20.0,0.0,26.666666666666668,44.44444444444444,0.0,177.77777777777777,16133.333333333332,10844.444444444445
117031644,Sydney (North) - Millers Point,596,70492,118.2751677852349,170.44127516778522,37223,62.45469798657718,4.705566037735848,,Sydney (North) - Millers Point,8913.0,426.0,3764.0,1269.0,4.779535509929317,42.23044990463368,14.2376304274655,66.86861887131157,7908.897116571301,4176.2593963873
118011340,Bondi Beach - North Bondi,863,62923,72.91193511008112,161.6129779837775,35720,41.39049826187717,4.787472972972973,,Bondi Beach - North Bondi,22528.0,2945.0,8398.0,1946.0,13.072620738636365,37.27805397727273,8.638139204545455,38.30788352272727,2793.101917613636,1585.5823863636365
122021420,Avalon - Palm Beach,485,19384,39.96701030927835,222.16082474226803,16663,34.35670103092784,4.878319327731092,,Avalon - Palm Beach,13188.0,2126.0,1585.0,3527.0,16.120715802244465,12.018501668183196,26.744009705793143,36.7758568395511,1469.8210494388838,1263.49711859266
117031329,Darlinghurst,394,42604,108.13197969543147,161.58629441624365,25138,63.80203045685279,4.730801104972375,,Darlinghurst,11411.0,531.0,4819.0,1302.0,4.65340460958724,42.23118043992638,11.410042941021821,34.528086933660504,3733.5903952326703,2202.9620541582685
117031336,Surry Hills,484,53004,109.51239669421487,150.78512396694214,30731,63.493801652892564,4.680824053452116,,Surry Hills,17099.0,900.0,7608.0,1603.0,5.263465699748523,44.49383004854085,9.374817240774314,28.30574887420317,3099.8303994385637,1797.239604655243
122011419,Manly - Fairlight,682,51201,75.07478005865103,158.1642228739003,25552,37.46627565982405,4.776727879799666,,Manly - Fairlight,24289.0,3167.0,6904.0,3739.0,13.038824159084358,28.42438964140146,15.393799662398616,28.078554077977685,2107.9912717691136,1051.9988472147886
117031333,Potts Point - Woolloomooloo,479,50752,105.95407098121086,159.53862212943633,37162,77.58246346555323,4.7260135135135135,,Potts Point - Woolloomooloo,19653.0,797.0,7334.0,3073.0,4.055360504757544,37.31745789446904,15.63628962499364,24.372869282043453,2582.4047219254057,1890.907240624841
118011339,Bondi - Tamarama - Bronte,482,33779,70.08091286307054,148.32572614107883,18794,38.99170124481328,4.792613908872902,,Bondi - Tamarama - Bronte,20003.0,2773.0,6746.0,2384.0,13.862920561915711,33.72494125881118,11.918212268159776,24.096385542168676,1688.6966954956756,939.559066140079
117031645,Sydney (South) - Haymarket,514,56988,110.8715953307393,178.75486381322958,22855,44.46498054474708,4.676971677559913,,Sydney (South) - Haymarket,23756.0,960.0,14421.0,874.0,4.041084357635966,60.70466408486277,3.679070550597744,21.636639164842567,2398.88870180165,962.0727395184374
118021651,Coogee - Clovelly,357,25016,70.07282913165267,165.07282913165267,14303,40.06442577030813,4.829313725490196,,Coogee - Clovelly,20427.0,2873.0,6650.0,2301.0,14.064718265041368,32.55495177950751,11.26450286385666,17.476868850051403,1224.6536446859548,700.2007147402946
121041416,Neutral Bay - Kirribilli,265,27104,102.27924528301887,164.00377358490567,13201,49.81509433962264,4.76276150627615,,Neutral Bay - Kirribilli,18158.0,1855.0,5449.0,3541.0,10.215882806476484,30.00881154312149,19.501046370745676,14.594118294966405,1492.6754047802622,727.0073796673643
117031646,Ultimo,141,10590,75.1063829787234,173.81560283687944,5675,40.248226950354606,4.426065573770492,,Ultimo,10044.0,469.0,6492.0,405.0,4.669454400637196,64.63560334528077,4.032258064516129,14.038231780167264,1054.3608124253285,565.0139386698526
125011710,Wentworth Point - Sydney Olympic Park,327,25433,77.77675840978593,110.96941896024465,8891,27.189602446483182,4.722103448275862,,Wentworth Point - Sydney Olympic Park,23523.0,3284.0,9344.0,1367.0,13.960804319176976,39.722824469667984,5.8113335884028405,13.901288101007525,1081.197126216894,377.9704969604217
121041417,North Sydney - Lavender Bay,188,20665,109.92021276595744,176.81382978723406,10508,55.8936170212766,4.727,,North Sydney - Lavender Bay,13541.0,1215.0,4308.0,2144.0,8.972749427664132,31.814489328705413,15.833394874824608,13.88376043128277,1526.105900598183,776.0135883612733
117031641,Pyrmont,191,18969,99.31413612565446,158.5497382198953,7450,39.00523560209424,4.686117647058824,,Pyrmont,13958.0,1143.0,5168.0,1834.0,8.188852271099012,37.02536179968477,13.139418254764292,13.68390886946554,1359.005588193151,533.7440894110904
122021422,Newport - Bilgola,180,11036,61.31111111111111,200.15555555555557,8512,47.28888888888889,4.887986111111111,,Newport - Bilgola,13846.0,2162.0,2106.0,3047.0,15.614617940199334,15.2101690018778,22.006355626173622,13.0001444460494,797.0533005922288,614.7623862487361
117031642,Redfern,197,16228,82.3756345177665,144.96446700507613,10795,54.796954314720814,4.6252808988764045,,Redfern,15359.0,1282.0,5947.0,1919.0,8.346897584478157,38.71996874796536,12.494303014519174,12.826355882544437,1056.579204375285,702.845237320138
118011345,Paddington - Moore Park,196,17346,88.5,152.78061224489795,9145,46.65816326530612,4.784010989010989,,Paddington - Moore Park,15565.0,1932.0,4919.0,2138.0,12.412463861227112,31.602955348538387,13.735946032765819,12.592354641824606,1114.4233858014777,587.5361387728879
118011650,Double Bay - Darling Point,128,8482,66.265625,185.4296875,3214,25.109375,4.770283018867924,,Double Bay - Darling Point,10248.0,1082.0,2725.0,2538.0,10.558157689305231,26.59055425448868,24.765807962529273,12.49024199843872,827.6736924277908,313.62217017954725
117031638,Camperdown - Darlington,118,10328,87.52542372881356,173.38983050847457,4950,41.94915254237288,4.746880733944954,,Camperdown - Darlington,9609.0,511.0,4845.0,530.0,5.317931106254553,50.42147986262878,5.51566239983349,12.280154022270787,1074.8256842543449,515.1420543240712
122031429,Freshwater - Brookvale,278,11827,42.5431654676259,141.63669064748203,6291,22.6294964028777,4.823516949152542,,Freshwater - Brookvale,23255.0,3906.0,5459.0,2917.0,16.796387873575576,23.47452160825629,12.543539023865835,11.954418404644164,508.57880025800904,270.52246828639005
117031331,Glebe - Forest Lodge,255,17936,70.33725490196079,174.57254901960783,10382,40.713725490196076,4.611743119266055,,Glebe - Forest Lodge,21794.0,1991.0,8218.0,2873.0,9.135541892263927,37.707625952096905,13.182527301092042,11.700468018720748,822.9788015050013,476.36964302101495
117031639,Chippendale,109,11122,102.03669724770643,155.30275229357798,6244,57.28440366972477,4.565268817204301,,Chippendale,9490.0,262.0,6187.0,304.0,2.760800842992624,65.1949420442571,3.2033719704952586,11.48577449947313,1171.9704952581665,657.9557428872498
118011341,Bondi Junction - Waverly,208,15605,75.02403846153847,156.77884615384616,7178,34.50961538461539,4.721437125748503,,Bondi Junction - Waverly,18893.0,2538.0,5697.0,2787.0,13.433546816281162,30.154025300375803,14.751495262795745,11.009368549198117,825.9672894722913,379.929074260308
117031640,Newtown (NSW),171,15560,90.99415204678363,166.33918128654972,9048,52.91228070175438,4.750065789473684,,Newtown (NSW),15548.0,1293.0,6430.0,1303.0,8.316182145613583,41.3558013892462,8.380499099562645,10.998199125289426,1000.7718034473887,581.9397993311036
117031648,Zetland,154,8308,53.94805194805195,137.5909090909091,3616,23.48051948051948,4.547844827586206,,Zetland,14313.0,1115.0,8004.0,526.0,7.790120869139942,55.92119052609515,3.674980786697408,10.759449451547544,580.451337944526,252.63746244672674
117011635,Mascot,227,14166,62.40528634361233,145.74008810572687,6869,30.259911894273127,4.6231875,,Mascot,23008.0,2586.0,10871.0,1754.0,11.239568845618916,47.24878303198887,7.623435326842837,9.866133518776078,615.6988873435328,298.548331015299
121041688,Mosman - North,139,9922,71.38129496402878,175.23021582733813,5570,40.07194244604317,4.761696428571429,,Mosman - North,14353.0,2117.0,2469.0,3383.0,14.74952971504215,17.201978680415245,23.569985368912423,9.68438653939943,691.2840521145405,388.07218003204906
118021570,Randwick - South,128,7435,58.0859375,199.3203125,5002,39.078125,4.765545454545455,,Randwick - South,13545.0,1684.0,4903.0,1663.0,12.432631967515688,36.19785898855666,12.277593207825765,9.4499815430048,548.9110372831303,369.2875599852344
128011604,Cronulla - Kurnell - Bundeena,235,20956,89.17446808510638,189.0723404255319,14471,61.57872340425532,4.859908256880734,,Cronulla - Kurnell - Bundeena,25379.0,3485.0,5465.0,5589.0,13.731825525040387,21.533551361361756,22.02214429252532,9.259624098664249,825.7220536664172,570.1958311990228
122021421,Bayview - Elanora Heights,101,3982,39.42574257425743,205.5049504950495,3982,39.42574257425743,4.842073170731707,,Bayview - Elanora Heights,11332.0,1831.0,1403.0,3030.0,16.157783268619838,12.380868337451464,26.738439816448995,8.912813272149664,351.39428168019765,351.39428168019765
118011649,Bellevue Hill,131,5016,38.29007633587786,186.06106870229007,1887,14.404580152671755,4.6705494505494505,,Bellevue Hill,15024.0,2106.0,3712.0,2821.0,14.017571884984026,24.70713525026624,18.776624068157616,8.719382321618744,333.86581469648564,125.59904153354631
118011347,Woollahra,67,3535,52.76119402985075,193.97014925373134,1856,27.70149253731343,4.743888888888889,,Woollahra,7777.0,1215.0,1870.0,1714.0,15.622990870515624,24.045261669024047,22.03934679182204,8.615147229008617,454.5454545454545,238.65243667223865
117031643,Rosebery - Beaconsfield,117,6790,58.034188034188034,132.13675213675214,2363,20.196581196581196,4.672769230769231,,Rosebery - Beaconsfield,13593.0,1475.0,5684.0,1088.0,10.851173398072538,41.81564040314868,8.004119767527405,8.607371441182963,499.52181269771205,173.8394762009858
117031330,Erskineville - Alexandria,179,12886,71.98882681564245,156.24581005586592,8539,47.70391061452514,4.7655625,,Erskineville - Alexandria,21139.0,2353.0,7777.0,1334.0,11.131084724916033,36.78981976441648,6.310610719523156,8.46776101045461,609.5841808978665,403.9453143478878
117031647,Waterloo,153,10345,67.61437908496733,131.90196078431373,3660,23.92156862745098,4.732100840336135,,Waterloo,18291.0,1344.0,8445.0,1815.0,7.347876004592423,46.17024766278497,9.922912907987534,8.36476955879941,565.5786999070581,200.09840905363293
115021298,Galston - Laughtondale,44,2907,66.06818181818181,284.97727272727275,1842,41.86363636363637,4.88578947368421,,Galston - Laughtondale,5482.0,891.0,784.0,1386.0,16.253192265596496,14.301349872309377,25.28274352426122,8.026267785479753,530.2809193724918,336.00875592849326
122031697,Narrabeen - Wheeler Heights,90,3555,39.5,194.36666666666667,2354,26.155555555555555,4.851917808219178,,Narrabeen - Wheeler Heights,11215.0,1650.0,2047.0,2778.0,14.712438698172093,18.252340615247437,24.770396790013375,8.024966562639323,316.9861792242532,209.89745876058848
118011346,Rose Bay - Vaucluse - Watsons Bay,95,5058,53.242105263157896,170.92631578947368,2016,21.221052631578946,4.84953125,,Rose Bay - Vaucluse - Watsons Bay,11857.0,1898.0,1993.0,2633.0,16.007421776165977,16.8086362486295,22.206291642067978,8.012144724635236,426.5834528126845,170.02614489331197
120021387,Balmain,126,11091,88.02380952380952,150.0873015873016,6836,54.25396825396825,4.775042735042734,,Balmain,15979.0,2432.0,2773.0,2975.0,15.219976218787156,17.35402716064835,18.61818636961011,7.885349521246636,694.0985042868765,427.8115025971588
120021674,Annandale (NSW),77,8460,109.87012987012987,150.8181818181818,5824,75.63636363636364,4.813661971830986,,Annandale (NSW),9933.0,1515.0,2534.0,1314.0,15.252189670794323,25.510923185341788,13.228631833282996,7.751937984496124,851.706433101782,586.3284002818887
122031694,Dee Why (South) - North Curl Curl,67,4102,61.223880597014926,138.26865671641792,2863,42.73134328358209,4.892931034482759,,Dee Why (South) - North Curl Curl,9396.0,1568.0,2026.0,1283.0,16.68795232013623,21.562366964665816,13.654746700723713,7.130693912303108,436.56875266070665,304.7041294167731
121041689,Mosman - South,103,5671,55.05825242718446,193.64077669902912,2614,25.37864077669903,4.774202898550725,,Mosman - South,14900.0,2305.0,2643.0,3016.0,15.46979865771812,17.738255033557046,20.241610738255034,6.912751677852349,380.6040268456376,175.43624161073825
121011684,Chatswood - East,146,11344,77.6986301369863,145.41780821917808,3704,25.36986301369863,4.660078740157481,,Chatswood - East,21456.0,3086.0,6190.0,3001.0,14.382923191648022,28.84973900074571,13.98676360924683,6.804623415361671,528.7099179716629,172.6323639075317
122011418,Balgowlah - Clontarf - Seaforth,142,5882,41.42253521126761,135.82394366197184,2995,21.091549295774648,4.845809523809524,,Balgowlah - Clontarf - Seaforth,20884.0,4146.0,2995.0,3348.0,19.852518674583415,14.341122390346678,16.031411606971844,6.799463704271212,281.6510247079104,143.41122390346678
121041413,Cremorne - Cammeray,129,8895,68.95348837209302,192.12403100775194,4105,31.82170542635659,4.716788990825688,,Cremorne - Cammeray,19669.0,2889.0,4351.0,3736.0,14.688087853983426,22.12110427576389,18.99435660175911,6.558543901571,452.23448065483757,208.70405206161982
118021567,Maroubra - South,75,3665,48.86666666666667,156.26666666666668,1421,18.946666666666665,4.776101694915255,,Maroubra - South,11546.0,1815.0,2557.0,2072.0,15.719729776545991,22.146197817425946,17.945608868872338,6.495756106010739,317.42594838039145,123.07292568855014
120011673,Rhodes,79,4999,63.278481012658226,106.0,1683,21.303797468354432,4.763181818181819,,Rhodes,12518.0,1272.0,5870.0,850.0,10.161367630611918,46.89247483623582,6.790222080204505,6.310912286307717,399.34494328167443,134.44639718804922
117021328,Sydenham - Tempe - St Peters,55,6433,116.96363636363637,156.16363636363636,3706,67.38181818181818,4.770566037735849,,Sydenham - Tempe - St Peters,8844.0,1294.0,2428.0,911.0,14.631388511985527,27.45364088647671,10.300768882858435,6.218905472636816,727.3857982813207,419.041157847128
125041717,Parramatta - North,84,6620,78.80952380952381,155.0,2040,24.285714285714285,4.709583333333333,,Parramatta - North,14413.0,1985.0,6693.0,667.0,13.772288905848887,46.43724415458267,4.627766599597585,5.828071879553181,459.3075695552626,141.5388885034344
121011401,St Leonards - Naremburn,78,8167,104.7051282051282,170.34615384615384,2747,35.217948717948715,4.696417910447762,,St Leonards - Naremburn,13483.0,1893.0,3854.0,1495.0,14.039902098939406,28.584142994882445,11.088036787065194,5.785062671512275,605.7257286953942,203.7380404954387
126021500,Macquarie Park - Marsfield,157,8057,51.318471337579616,189.98726114649682,2881,18.35031847133758,4.703220338983051,,Macquarie Park - Marsfield,28025.0,3286.0,11247.0,3330.0,11.725245316681535,40.132024977698485,11.882247992863515,5.602140945584299,287.49330954504904,102.80107047279215
120021389,Lilyfield - Rozelle,79,6315,79.9367088607595,128.0632911392405,4128,52.25316455696203,4.805135135135135,,Lilyfield - Rozelle,14152.0,2431.0,2747.0,1986.0,17.177784058790277,19.410684002261164,14.033352176370832,5.582249858677219,446.2266817410966,291.6902204635387
118021569,Randwick - North,93,5150,55.376344086021504,157.1505376344086,3716,39.956989247311824,4.752051282051283,,Randwick - North,16679.0,2462.0,4935.0,2312.0,14.761076803165658,29.588104802446193,13.86174231069009,5.575873853348522,308.7715090832784,222.79513160261408
118021566,Maroubra - North,57,2522,44.24561403508772,151.33333333333334,1632,28.63157894736842,4.847708333333333,,Maroubra - North,10307.0,1614.0,2256.0,1955.0,15.659260696613952,21.888037256233627,18.967691859901038,5.530222179101581,244.68807606481033,158.33899291743475
122021691,North Narrabeen - Warriewood (South),61,3331,54.60655737704918,151.1639344262295,2529,41.459016393442624,4.8633962264150945,,North Narrabeen - Warriewood (South),11056.0,2206.0,1734.0,1719.0,19.952966714905934,15.683791606367583,15.548118668596237,5.517366136034732,301.28437047756876,228.74457308248913
118011344,Dover Heights,63,2866,45.492063492063494,173.0793650793651,1130,17.936507936507937,4.792708333333334,,Dover Heights,11433.0,1932.0,2279.0,1838.0,16.89845184990816,19.93352575876848,16.076270445202486,5.510364733665705,250.67786232834777,98.83670077844835
122031693,Collaroy - Collaroy Plateau,76,4179,54.98684210526316,155.3815789473684,1972,25.94736842105263,4.884666666666666,,Collaroy - Collaroy Plateau,14155.0,2379.0,2787.0,2448.0,16.806782055810668,19.689155775344403,17.294242317202404,5.369127516778523,295.2313670081244,139.31472977746378
117021327,Petersham - Stanmore,112,9001,80.36607142857143,134.46428571428572,5745,51.294642857142854,4.672772277227723,,Petersham - Stanmore,20986.0,2362.0,6992.0,2346.0,11.25512246259411,33.31744972839036,11.178881158867817,5.33689126084056,428.90498427523113,273.75393119222343
122031695,Dee Why - North,100,6179,61.79,150.56,3433,34.33,4.8592405063291135,,Dee Why - North,18997.0,2689.0,5383.0,2390.0,14.15486655787756,28.33605306100963,12.580933831657632,5.263989050902774,325.2618834552824,180.71274411749224
122031430,Manly Vale - Allambie Heights,92,6225,67.66304347826087,155.18478260869566,2322,25.23913043478261,4.785733333333334,,Manly Vale - Allambie Heights,17936.0,3616.0,2931.0,2706.0,20.16057091882248,16.3414362176628,15.086975914362178,5.129348795718109,347.06735057983946,129.46030330062445
120031396,Homebush,114,10282,90.19298245614036,155.49122807017545,2831,24.833333333333332,4.55010989010989,,Homebush,23020.0,3072.0,9859.0,1583.0,13.344917463075587,42.827975673327536,6.876629018245005,4.9522154648132055,446.65508253692445,122.98001737619461
122021690,Mona Vale - Warriewood (North),73,4052,55.50684931506849,191.2876712328767,2778,38.054794520547944,4.836545454545455,,Mona Vale - Warriewood (North),14944.0,2483.0,2199.0,3572.0,16.615364025695932,14.714935760171304,23.902569593147753,4.884903640256959,271.1456102783726,185.89400428265523
120031678,Burwood (NSW),88,6074,69.02272727272727,159.6818181818182,1345,15.284090909090908,4.6193506493506495,,Burwood (NSW),18171.0,1425.0,8937.0,1998.0,7.842166088822849,49.18276374442793,10.99554234769688,4.842881514501129,334.26888998954377,74.01904132959112
121021404,Berowra - Brooklyn - Cowan,56,4290,76.60714285714286,230.91071428571428,4407,78.69642857142857,4.880192307692308,,Berowra - Brooklyn - Cowan,11729.0,2233.0,1475.0,2076.0,19.038281183391593,12.57566714979964,17.699718646090886,4.774490578906982,365.7600818484099,375.735356807912
120021675,Leichhardt,86,6442,74.90697674418605,157.96511627906978,3057,35.54651162790697,4.6664102564102565,,Leichhardt,18209.0,3176.0,4097.0,2322.0,17.44192432313691,22.499862705255644,12.751935855895436,4.722939205887198,353.7810972595969,167.88401339996705
117021637,Marrickville - South,66,4080,61.81818181818182,158.36363636363637,2515,38.10606060606061,4.601914893617021,,Marrickville - South,14497.0,1690.0,4514.0,2096.0,11.657584327791957,31.13747671932124,14.4581637580189,4.5526660688418294,281.43753880113127,173.48416913844244
121041414,Crows Nest - Waverton,85,6050,71.17647058823529,191.24705882352941,2758,32.44705882352941,4.716760563380282,,Crows Nest - Waverton,18908.0,2308.0,5619.0,2850.0,12.206473450391368,29.71757986037656,15.072984979902687,4.495451660672731,319.97038290670616,145.86418447218108
117011323,Pagewood - Hillsdale - Daceyville,72,2783,38.65277777777778,203.36111111111111,1043,14.48611111111111,4.654705882352941,,Pagewood - Hillsdale - Daceyville,16059.0,2519.0,4392.0,2279.0,15.685908213462858,27.349150009340555,14.19141914191419,4.483467214645993,173.29846192166386,64.9480042343857
118021564,Kensington (NSW),62,3397,54.79032258064516,182.08064516129033,1367,22.048387096774192,4.4850980392156865,,Kensington (NSW),14318.0,1258.0,6466.0,1378.0,8.786143316105601,45.15993853890208,9.624249196815198,4.33021371699958,237.25380639754155,95.47422824416817
117021636,Marrickville - North,55,3766,68.47272727272727,164.36363636363637,2484,45.163636363636364,4.433571428571429,,Marrickville - North,12880.0,1728.0,3627.0,1689.0,13.41614906832298,28.159937888198762,13.113354037267081,4.270186335403727,292.39130434782606,192.85714285714286
119041668,Arncliffe - Bardwell Valley,74,8606,116.29729729729729,150.28378378378378,4934,66.67567567567568,4.836507936507936,,Arncliffe - Bardwell Valley,17874.0,2727.0,5666.0,2184.0,15.256797583081571,31.699675506322034,12.21886539107083,4.140091753384804,481.48148148148147,276.0434150162247
118021568,Maroubra - West,43,1328,30.88372093023256,198.30232558139534,733,17.046511627906977,4.64483870967742,,Maroubra - West,10756.0,1519.0,3243.0,1544.0,14.122350316102642,30.15061361100781,14.354778728151729,3.9977686872443288,123.46597248047601,68.14801041279287
119041671,Wolli Creek,49,3714,75.79591836734694,138.81632653061226,1630,33.265306122448976,4.703611111111112,,Wolli Creek,12353.0,1027.0,6779.0,448.0,8.313769934428885,54.87735772686797,3.626649396907634,3.9666477778677245,300.65571116328016,131.95175261070185
118021565,Kingsford,63,3039,48.23809523809524,194.03174603174602,1311,20.80952380952381,4.5526,,Kingsford,16380.0,1585.0,7594.0,1740.0,9.676434676434678,46.36141636141636,10.622710622710622,3.8461538461538463,185.53113553113553,80.03663003663003
119041380,Monterey - Brighton-le-Sands - Kyeemagh,51,3752,73.56862745098039,199.6078431372549,2467,48.372549019607845,4.8895,,Monterey - Brighton-le-Sands - Kyeemagh,13690.0,1949.0,2605.0,2971.0,14.236669101533966,19.028487947406866,21.70197224251278,3.725346968590212,274.06866325785245,180.2045288531775
120011672,Concord West - North Strathfield,49,4160,84.89795918367346,282.9183673469388,2079,42.42857142857143,4.4815555555555555,,Concord West - North Strathfield,13291.0,2069.0,3484.0,1878.0,15.566924986833195,26.213226995711388,14.129862312843278,3.686705289293507,312.9937551726733,156.42163870288164
121011685,Greenwich - Riverview,48,1690,35.208333333333336,179.54166666666666,863,17.979166666666668,4.6136585365853655,,Greenwich - Riverview,13152.0,2096.0,2589.0,2436.0,15.936739659367397,19.68521897810219,18.52189781021898,3.6496350364963503,128.49756690997566,65.61739659367396
120031394,Dulwich Hill - Lewisham,66,4895,74.16666666666667,195.53030303030303,2424,36.72727272727273,4.597118644067797,,Dulwich Hill - Lewisham,18681.0,2364.0,5318.0,2340.0,12.654568813232697,28.46742679728066,12.526096033402922,3.533001445318773,262.03094052780904,129.75750762807132
118021654,South Coogee,20,936,46.8,220.5,326,16.3,4.935625,,South Coogee,5750.0,1028.0,1091.0,1045.0,17.878260869565217,18.97391304347826,18.173913043478258,3.4782608695652177,162.78260869565216,56.69565217391304
128011606,Woolooware - Burraneer,33,1231,37.303030303030305,220.8181818181818,1021,30.939393939393938,4.870434782608696,,Woolooware - Burraneer,9535.0,1647.0,1887.0,1744.0,17.273203985317252,19.79024646040902,18.29050865233351,3.46093340325118,129.10330361824856,107.07918196119559
120031677,Ashfield - South,43,3877,90.16279069767442,110.88372093023256,1180,27.441860465116278,4.707,,Ashfield - South,12873.0,1427.0,4238.0,2184.0,11.085217121106192,32.921618892255104,16.965742251223492,3.3403247106346616,301.1729977472229,91.6647246174163
121031408,Lindfield - Roseville,83,3589,43.24096385542169,151.74698795180723,1866,22.481927710843372,4.497090909090909,,Lindfield - Roseville,25605.0,4627.0,4225.0,4440.0,18.070689318492484,16.500683460261666,17.340363210310485,3.241554383909393,140.16793595000976,72.87639132981839
118021652,Malabar - La Perouse,35,2140,61.142857142857146,174.82857142857142,1658,47.371428571428574,4.856206896551725,,Malabar - La Perouse,10915.0,1494.0,2000.0,2310.0,13.68758589097572,18.323408153916628,21.163536417773706,3.20659642693541,196.06046724690793,151.90105359596885
115021297,Dural - Kenthurst - Wisemans Ferry,71,3974,55.971830985915496,233.46478873239437,2147,30.239436619718308,4.664736842105263,,Dural - Kenthurst - Wisemans Ferry,22941.0,3943.0,3596.0,4642.0,17.187568109498276,15.674992371736193,20.23451462447147,3.0948956017610394,173.22697354082212,93.5878993940979
127031601,Warwick Farm,20,1132,56.6,160.15,566,28.3,4.738333333333333,,Warwick Farm,6482.0,1120.0,1755.0,837.0,17.278617710583152,27.074976858994138,12.91268127121259,3.08546744831842,174.63745757482258,87.31872878741129
125041718,Parramatta - South,34,2070,60.88235294117647,192.05882352941177,767,22.558823529411764,4.524333333333333,,Parramatta - South,11111.0,1611.0,5001.0,749.0,14.499144991449914,45.00945009450095,6.741067410674106,3.060030600306003,186.3018630186302,69.03069030690307
121011399,Chatswood (West) - Lane Cove North,71,4410,62.11267605633803,188.56338028169014,1718,24.197183098591548,4.695862068965518,,Chatswood (West) - Lane Cove North,23203.0,3781.0,5601.0,3115.0,16.295306641382577,24.139119941386888,13.4249881480843,3.059949144507176,190.0616299616429,74.0421497220187
121021578,Hornsby - West,33,2597,78.6969696969697,205.72727272727272,1192,36.121212121212125,4.7299999999999995,,Hornsby - West,10794.0,2071.0,1638.0,1826.0,19.186585139892536,15.17509727626459,16.91680563275894,3.0572540300166757,240.59662775616084,110.43172132666295
119041381,Rockdale - Banksia,69,7989,115.78260869565217,179.0144927536232,2518,36.492753623188406,4.671896551724139,,Rockdale - Banksia,22574.0,2797.0,8129.0,2865.0,12.39036059183131,36.010454505182956,12.69159209710286,3.0566138034907415,353.9027199432976,111.54425445202446
122031432,Terrey Hills - Duffys Forest,11,639,58.09090909090909,255.27272727272728,333,30.272727272727273,4.865555555555556,,Terrey Hills - Duffys Forest,3629.0,589.0,474.0,876.0,16.230366492146597,13.06144943510609,24.138881234499863,3.031138054560485,176.08156516946818,91.76081565169468
120011385,Drummoyne - Rodd Point,57,3579,62.78947368421053,171.28070175438597,1418,24.87719298245614,4.737608695652174,,Drummoyne - Rodd Point,18962.0,2964.0,3590.0,3622.0,15.631262525050099,18.93260204619766,19.10136061596878,3.006012024048096,188.74591287838834,74.78114122982808
120031395,Haberfield - Summer Hill,41,5979,145.82926829268294,109.90243902439025,1892,46.146341463414636,4.7389743589743585,,Haberfield - Summer Hill,14007.0,1895.0,3410.0,2292.0,13.528949810808882,24.34497037195688,16.363246947954593,2.9271078746341117,426.8579995716428,135.07531948311558
125011583,Auburn - North,35,2510,71.71428571428571,307.14285714285717,802,22.914285714285715,4.2240625,,Auburn - North,12016.0,1585.0,5720.0,990.0,13.190745672436751,47.603195739014645,8.23901464713715,2.9127829560585887,208.88814913448735,66.74434087882823
120031680,Strathfield - East,50,2234,44.68,227.54,994,19.88,4.6375,,Strathfield - East,18418.0,1345.0,9944.0,1951.0,7.30263872298838,53.99066130958845,10.592898251710285,2.714735584754045,121.29438592681073,53.968943424910414
119011571,Bankstown - North,49,3144,64.16326530612245,171.91836734693877,1261,25.73469387755102,4.782619047619048,,Bankstown - North,18376.0,3750.0,5002.0,2192.0,20.40705267740531,27.220287331301694,11.928602525032652,2.6665215498476273,171.09272964736613,68.6221158032216
127031732,Liverpool - West,39,1896,48.61538461538461,261.2307692307692,713,18.28205128205128,4.178709677419355,,Liverpool - West,14883.0,2908.0,3623.0,2362.0,19.53907142377209,24.343210374252504,15.870456225223409,2.620439427534771,127.39367063092119,47.90700799569979
126021725,Ryde - South,34,1818,53.470588235294116,164.52941176470588,773,22.735294117647058,4.570333333333334,,Ryde - South,13038.0,2017.0,4026.0,1410.0,15.47016413560362,30.878969167050162,10.814542107685227,2.6077619266758707,139.43856419696272,59.288234391777884
128011603,Caringbah South,35,2391,68.31428571428572,207.02857142857144,1678,47.94285714285714,4.7952941176470585,,Caringbah South,13506.0,2746.0,1905.0,2759.0,20.33170442766178,14.104842292314526,20.427957944617205,2.591440841107656,177.03243003109728,124.2410780393899
122031424,Beacon Hill - Narraweena,37,1739,47.0,155.48648648648648,596,16.10810810810811,4.8309375,,Beacon Hill - Narraweena,14535.0,2688.0,2336.0,2692.0,18.49329205366357,16.071551427588577,18.52081183350533,2.5455796353629174,119.6422428620571,41.00447196422429
126021723,Eastwood,50,1956,39.12,138.98,534,10.68,4.546666666666667,,Eastwood,20024.0,2795.0,5303.0,3495.0,13.958250099880143,26.483220135836994,17.454055133839393,2.4970035956851775,97.68278066320416,26.6679984019177
119031664,Hurstville - Central,35,2705,77.28571428571429,141.31428571428572,1022,29.2,4.577,,Hurstville - Central,14199.0,1635.0,6087.0,1621.0,11.514895415170082,42.86921614198183,11.416296922318473,2.4649623212902316,190.5063736882879,71.97689978167476
121031409,Pymble,44,2540,57.72727272727273,132.79545454545453,1048,23.818181818181817,4.064,,Pymble,17961.0,3427.0,2662.0,2939.0,19.080229385891652,14.821001057847557,16.363231445910582,2.449752240966539,141.41751572852291,58.348644284839374
126011721,Epping (NSW) - West,48,2081,43.354166666666664,149.39583333333334,1012,21.083333333333332,4.766153846153846,,Epping (NSW) - West,19616.0,3325.0,4637.0,2805.0,16.950448613376835,23.638866231647633,14.299551386623166,2.446982055464926,106.086867862969,51.590538336052205
119041382,Sans Souci - Ramsgate,41,2653,64.70731707317073,143.0,675,16.463414634146343,4.386571428571429,,Sans Souci - Ramsgate,16916.0,2667.0,2812.0,3867.0,15.766138567037125,16.62331520454008,22.86001418775124,2.4237408370773235,156.83376684795462,39.90305036651691
120031676,Ashfield - North,30,2326,77.53333333333333,166.33333333333334,1462,48.733333333333334,4.676153846153846,,Ashfield - North,12420.0,1280.0,5017.0,1563.0,10.305958132045088,40.39452495974235,12.584541062801932,2.4154589371980677,187.27858293075684,117.7133655394525
120031679,Croydon,27,1776,65.77777777777777,174.2962962962963,884,32.74074074074074,4.596086956521739,,Croydon,11314.0,1435.0,2831.0,2145.0,12.683401095987273,25.022096517588828,18.958812091214426,2.386423899593424,156.97366095103413,78.1332861940958
125041719,Rosehill - Harris Park,23,1070,46.52173913043478,199.04347826086956,317,13.782608695652174,4.7266666666666675,,Rosehill - Harris Park,10077.0,1448.0,4463.0,853.0,14.369355959114817,44.288974893321424,8.46482087922993,2.282425324997519,106.18239555423241,31.457775131487544
117011321,Botany,31,3171,102.29032258064517,178.09677419354838,1242,40.064516129032256,4.7728,,Botany,13776.0,2493.0,3008.0,1633.0,18.096689895470384,21.83507549361208,11.853948896631824,2.2502903600464577,230.1829268292683,90.1567944250871
120031392,Canterbury (North) - Ashbury,28,1991,71.10714285714286,163.03571428571428,633,22.607142857142858,4.79,,Canterbury (North) - Ashbury,12497.0,1689.0,3170.0,1959.0,13.515243658478035,25.366087861086662,15.675762182923902,2.240537729054973,159.31823637673043,50.652156517564215
121011686,Lane Cove,36,2306,64.05555555555556,153.61111111111111,1657,46.02777777777778,4.752692307692308,,Lane Cove,16640.0,3066.0,3405.0,2454.0,18.42548076923077,20.462740384615387,14.747596153846153,2.1634615384615388,138.58173076923077,99.57932692307692
115011291,Baulkham Hills (West) - Bella Vista,49,2586,52.775510204081634,270.6530612244898,2437,49.734693877551024,4.517045454545454,,Baulkham Hills (West) - Bella Vista,23086.0,4022.0,4001.0,4098.0,17.421814086459324,17.330849865719482,17.751017932946375,2.1224984839296543,112.01594039677727,105.5618123538075
125041489,North Parramatta,49,3397,69.3265306122449,251.9387755102041,1657,33.816326530612244,4.612564102564102,,North Parramatta,23626.0,3508.0,7160.0,2746.0,14.848048759840854,30.305595530347922,11.622788453398798,2.07398628629476,143.7822737661898,70.13459747735546
125011585,Berala,18,806,44.77777777777778,262.1666666666667,178,9.88888888888889,3.985,,Berala,8864.0,1260.0,2527.0,1380.0,14.21480144404332,28.508574007220215,15.568592057761732,2.0306859205776173,90.92960288808665,20.081227436823106
122031427,Forestville - Killarney Heights,27,2293,84.92592592592592,149.07407407407408,731,27.074074074074073,4.8505,,Forestville - Killarney Heights,13425.0,2693.0,1665.0,2428.0,20.059590316573555,12.402234636871508,18.085661080074487,2.011173184357542,170.80074487895718,54.45065176908753
119011358,Padstow,35,2595,74.14285714285714,199.97142857142856,1191,34.02857142857143,4.736666666666666,,Padstow,17470.0,2910.0,3403.0,3300.0,16.657126502575846,19.4791070406411,18.889524899828277,2.0034344590726962,148.54035489410415,68.1740125930166
121021579,Wahroonga (West) - Waitara,25,1034,41.36,144.64,394,15.76,4.779999999999999,,Wahroonga (West) - Waitara,12513.0,2311.0,2203.0,2218.0,18.46879245584592,17.605690082314393,17.72556541197155,1.9979221609526094,82.63406057699991,31.48725325661312
126011720,Epping (East) - North Epping,31,2443,78.80645161290323,121.6774193548387,1265,40.806451612903224,4.79625,,Epping (East) - North Epping,15616.0,2599.0,3748.0,2210.0,16.643186475409834,24.001024590163937,14.152151639344263,1.9851434426229508,156.4421106557377,81.00665983606557
121031407,Gordon - Killara,46,2129,46.28260869565217,198.30434782608697,1371,29.804347826086957,4.475675675675675,,Gordon - Killara,23783.0,3809.0,4293.0,4259.0,16.015641424546946,18.050708489257033,17.907749232645166,1.934154648278182,89.51772274313585,57.64621788672581
116021562,Acacia Gardens,7,30,4.285714285714286,156.0,8,1.1428571428571428,4.25,,Acacia Gardens,3714.0,748.0,698.0,392.0,20.140010770059234,18.79375336564351,10.554658050619278,1.884760366182014,8.077544426494345,2.154011847065159
126021503,West Ryde - Meadowbank,41,2315,56.46341463414634,159.3658536585366,1062,25.902439024390244,4.564117647058824,,West Ryde - Meadowbank,21827.0,3092.0,6492.0,2814.0,14.165941265405232,29.742978879369588,12.892289366381087,1.8784074769780545,106.0613002244926,48.655335135382785
123021704,Glenfield,20,841,42.05,216.15,391,19.55,4.083,,Glenfield,10816.0,2298.0,2286.0,1289.0,21.24630177514793,21.1353550295858,11.917529585798817,1.849112426035503,77.75517751479289,36.15014792899408
127021511,Cabramatta - Lansvale,45,2400,53.333333333333336,159.66666666666666,1193,26.511111111111113,4.614594594594595,,Cabramatta - Lansvale,24373.0,3304.0,5724.0,4328.0,13.555984080745088,23.485003897755714,17.757354449595862,1.8463053378738767,98.4696180199401,48.94760595741189
126021501,North Ryde - East Ryde,30,2703,90.1,157.83333333333334,2142,71.4,4.676785714285714,,North Ryde - East Ryde,16263.0,2696.0,3461.0,2580.0,16.577507224989237,21.28143638935006,15.864231691569822,1.8446781036709095,166.20549714074895,131.71001660210294
119011657,Panania (North) - Milperra,21,1365,65.0,281.85714285714283,381,18.142857142857142,4.347619047619047,,Panania (North) - Milperra,11669.0,2282.0,2147.0,1908.0,19.556088782243553,18.399177307395664,16.35101551118348,1.799640071985603,116.9766046790642,32.65061273459594
118021653,Matraville - Chifley,25,917,36.68,155.32,628,25.12,4.893,,Matraville - Chifley,13966.0,2566.0,2415.0,2477.0,18.3731920378061,17.291994844622653,17.73593011599599,1.7900615781182874,65.65945868537877,44.966346842331376
119011572,Bankstown - South,34,2064,60.705882352941174,294.9117647058824,1182,34.76470588235294,4.544482758620689,,Bankstown - South,19137.0,3473.0,5349.0,2646.0,18.148090087265505,27.95108951246277,13.82661859225584,1.7766630088310602,107.85389559492084,61.765166954068036
121021577,Hornsby - East,22,1724,78.36363636363636,148.27272727272728,845,38.40909090909091,4.777894736842105,,Hornsby - East,12652.0,1733.0,3697.0,1631.0,13.697439140056908,29.220676572873856,12.891242491305722,1.7388555169143218,136.26304141637686,66.78785962693645
119041378,Kogarah,26,1597,61.42307692307692,148.26923076923077,796,30.615384615384617,4.65695652173913,,Kogarah,14995.0,2098.0,4895.0,1828.0,13.991330443481159,32.64421473824608,12.190730243414471,1.7339113037679226,106.50216738912971,53.08436145381794
117011634,Eastlakes,15,615,41.0,157.33333333333334,577,38.46666666666667,4.864,,Eastlakes,8808.0,1169.0,2182.0,1750.0,13.272025431425977,24.772933696639416,19.868301544050862,1.7029972752043596,69.82288828337875,65.5086285195277
122031425,Cromer,14,711,50.785714285714285,192.0,461,32.92857142857143,4.843636363636364,,Cromer,8282.0,1569.0,1213.0,1696.0,18.94469934798358,14.646220719632938,20.47814537551316,1.6904129437333977,85.84882878531756,55.662883361506886
120011386,Five Dock - Abbotsford,36,2408,66.88888888888889,191.55555555555554,932,25.88888888888889,4.801666666666667,,Five Dock - Abbotsford,21389.0,3453.0,3592.0,4203.0,16.143812239936416,16.793678993875357,19.650287530973863,1.6831081396979757,112.58123334424238,43.573799616625365
126021724,Ryde - North,36,2084,57.888888888888886,197.41666666666666,1186,32.94444444444444,4.6306896551724135,,Ryde - North,21507.0,3301.0,5127.0,3484.0,15.348491188915236,23.838750174361838,16.1993769470405,1.673873622541498,96.89868414934674,55.14483656483935
125021711,Carlingford - East,20,1406,70.3,218.05,658,32.9,4.527857142857143,,Carlingford - East,11991.0,2169.0,1863.0,2284.0,18.088566424818612,15.536652489367025,19.047619047619047,1.6679176048703195,117.25460762238346,54.87448920023351
128011530,Miranda - Yowie Bay,37,2727,73.70270270270271,171.0,517,13.972972972972974,4.846969696969697,,Miranda - Yowie Bay,22406.0,3701.0,4563.0,4429.0,16.517896991877176,20.36508078193341,19.767026689279657,1.6513433901633492,121.70847094528251,23.074176559850038
128011531,Sylvania - Taren Point,27,1474,54.592592592592595,193.14814814814815,536,19.85185185185185,4.766923076923077,,Sylvania - Taren Point,16532.0,2566.0,2592.0,4243.0,15.521413017178803,15.678683764819743,25.665376240019356,1.6331962255020567,89.16041616259376,32.421969513670454
125011586,Lidcombe,39,2793,71.61538461538461,222.92307692307693,876,22.46153846153846,4.365526315789474,,Lidcombe,23949.0,2884.0,8473.0,2998.0,12.042256461647668,35.379347780700655,12.518267986137207,1.6284604785168484,116.62282349993737,36.57772767130152
127021515,Fairfield,31,1773,57.193548387096776,282.8709677419355,685,22.096774193548388,4.412333333333334,,Fairfield,19044.0,2973.0,4205.0,3402.0,15.611216131064904,22.080445284604075,17.86389413988658,1.627809283763915,93.10018903591683,35.96933417349296
128011602,Caringbah,22,849,38.59090909090909,66.45454545454545,623,28.318181818181817,4.720555555555555,,Caringbah,13761.0,2448.0,3154.0,2155.0,17.789404839764554,22.919845941428676,15.660199113436523,1.5987210231814548,61.69609766732069,45.27287261100211
116021632,Schofields - East,57,4370,76.66666666666667,164.42105263157896,1159,20.333333333333332,4.688076923076923,,Schofields - East,35868.0,9262.0,8033.0,1604.0,25.822460131593623,22.396007583361214,4.471952715512435,1.5891602542656407,121.83561949369911,32.31292517006803
115011294,Glenhaven,10,768,76.8,221.9,794,79.4,4.7837499999999995,,Glenhaven,6390.0,1081.0,794.0,1696.0,16.917057902973394,12.425665101721439,26.541471048513305,1.5649452269170578,120.18779342723005,124.2566510172144
125021478,Oatlands - Dundas Valley,30,2418,80.6,169.33333333333334,945,31.5,4.70925925925926,,Oatlands - Dundas Valley,19270.0,3487.0,3520.0,3094.0,18.09548521017125,18.266735858847948,16.056045666839648,1.5568240788790868,125.48002075765439,49.03995848469123
117011320,Banksmeadow,1,12,12.0,351.0,5,5.0,4.0,,Banksmeadow,645.0,67.0,216.0,57.0,10.387596899224807,33.48837209302326,8.837209302325581,1.550387596899225,18.6046511627907,7.751937984496124
124031464,Penrith,30,3154,105.13333333333334,198.03333333333333,1134,37.8,4.794814814814815,,Penrith,19833.0,2778.0,5941.0,3293.0,14.006958100136135,29.955125296223468,16.6036403973176,1.5126304643775526,159.02788282156,57.177431553471486
125011709,Silverwater - Newington,14,1578,112.71428571428571,168.92857142857142,1112,79.42857142857143,4.593076923076923,,Silverwater - Newington,9283.0,1560.0,2052.0,877.0,16.804912205106106,22.104922977485728,9.447376925562857,1.5081331466120866,169.9881503824195,119.78886135947431
121011687,Willoughby,20,1394,69.7,169.2,619,30.95,4.909473684210527,,Willoughby,13392.0,2711.0,1946.0,2118.0,20.243428912783752,14.5310633213859,15.815412186379929,1.4934289127837517,104.09199522102747,46.22162485065711
127011505,Austral - Greendale,29,2017,69.55172413793103,191.58620689655172,763,26.310344827586206,4.72076923076923,,Austral - Greendale,19432.0,4951.0,4678.0,1846.0,25.478592013174143,24.07369287772746,9.499794153972827,1.492383696994648,103.79785920131741,39.26512968299712
121031412,Wahroonga (East) - Warrawee,27,2066,76.51851851851852,190.1851851851852,1436,53.18518518518518,4.7572,,Wahroonga (East) - Warrawee,18222.0,3250.0,2344.0,3564.0,17.83558336077269,12.863571506969599,19.558775107013503,1.4817253868949622,113.37943145648117,78.80583909559873
127031731,Liverpool - East,30,1648,54.93333333333333,175.43333333333334,887,29.566666666666666,4.493809523809524,,Liverpool - East,20362.0,3599.0,6469.0,2121.0,17.675081033297317,31.76996365779393,10.416462037127983,1.4733326785188097,80.9350751399666,43.5615361948728
125031484,Guildford West - Merrylands West,36,744,20.666666666666668,246.11111111111111,258,7.166666666666667,4.2351515151515144,,Guildford West - Merrylands West,24554.0,5208.0,6082.0,2997.0,21.210393418587604,24.769894925470393,12.205750590535146,1.466156227091309,30.300562026553717,10.507452960821048
123021703,Denham Court - Bardia,30,2015,67.16666666666667,197.33333333333334,571,19.033333333333335,4.7175,,Denham Court - Bardia,20619.0,5545.0,4664.0,1434.0,26.89267180755614,22.619913671856054,6.954750472864833,1.4549687181725592,97.72539890392356,27.692904602551046
126011496,Pennant Hills - Cheltenham,32,1583,49.46875,176.53125,1068,33.375,4.7063999999999995,,Pennant Hills - Cheltenham,22147.0,4156.0,3159.0,4449.0,18.76552128956518,14.263782905133878,20.088499571047997,1.444890955885673,71.47694947396938,48.22323565268433
126021590,Putney,6,553,92.16666666666667,190.5,336,56.0,4.816666666666666,,Putney,4181.0,663.0,733.0,851.0,15.857450370724708,17.531690983018418,20.353982300884958,1.4350633819660368,132.26500837120307,80.36354939009806
119031374,South Hurstville - Blakehurst,38,2775,73.02631578947368,194.60526315789474,2184,57.473684210526315,4.4809375,,South Hurstville - Blakehurst,26922.0,3640.0,7619.0,4604.0,13.520540821632865,28.30027486813758,17.10125547879058,1.4114850308298048,103.0755515934923,81.1232449297972
119011360,Revesby,26,2349,90.34615384615384,133.1153846153846,671,25.807692307692307,4.617083333333333,,Revesby,18505.0,3421.0,3906.0,2958.0,18.486895433666575,21.107808700351256,15.984868954336665,1.4050256687381788,126.9386652256147,36.26047014320454
124051581,St Marys - North St Marys,26,1208,46.46153846153846,247.15384615384616,806,31.0,4.766,,St Marys - North St Marys,18605.0,3826.0,4528.0,2384.0,20.56436441816716,24.337543671056167,12.813759742004837,1.3974737973662992,64.92878258532653,43.321687718355285
115011556,Castle Hill - South,15,1595,106.33333333333333,148.93333333333334,1065,71.0,4.665,,Castle Hill - South,10787.0,1911.0,1773.0,1929.0,17.71576898118105,16.43645128395291,17.88263650690646,1.3905627143784185,147.86316862890516,98.72995272086771
127011726,Cobbitty - Bringelly,8,630,78.75,201.875,50,6.25,4.31875,,Cobbitty - Bringelly,5773.0,1292.0,1247.0,864.0,22.380045037242336,21.600554304521047,14.966222068248744,1.3857613026156246,109.12870258098043,8.661008141347654
119021362,Belmore - Belfield,29,999,34.44827586206897,149.58620689655172,391,13.482758620689655,4.2924,,Belmore - Belfield,20963.0,3457.0,4667.0,3589.0,16.49096026332109,22.263034870963125,17.12064112960931,1.3833897819968517,47.65539283499499,18.65191050899203
126021499,Hunters Hill - Woolwich,14,1395,99.64285714285714,133.14285714285714,864,61.714285714285715,4.849166666666666,,Hunters Hill - Woolwich,10143.0,1691.0,1406.0,2311.0,16.671596174701765,13.861776594695849,22.784186138223404,1.3802622498274673,137.5332741792369,85.18189884649512
126021498,Gladesville - Huntleys Point,22,1527,69.4090909090909,149.22727272727272,844,38.36363636363637,4.70952380952381,,Gladesville - Huntleys Point,16053.0,2578.0,3292.0,2783.0,16.059303556967546,20.50707032953342,17.336323428642622,1.3704603500903259,95.12240702672398,52.57584252164704
127021513,Canley Vale - Canley Heights,30,2199,73.3,278.6666666666667,694,23.133333333333333,4.6024,,Canley Vale - Canley Heights,22465.0,3594.0,5065.0,3575.0,15.998219452481639,22.546182951257514,15.91364344535945,1.3354106387714222,97.88559982194525,30.8924994435789
119031373,Riverwood,16,1138,71.125,183.0625,649,40.5625,4.7069230769230765,,Riverwood,12175.0,1580.0,2986.0,2463.0,12.97741273100616,24.525667351129364,20.229979466119097,1.3141683778234086,93.47022587268994,53.30595482546202
121021406,Normanhurst - Thornleigh - Westleigh,26,1914,73.61538461538461,147.26923076923077,1313,50.5,4.81047619047619,,Normanhurst - Thornleigh - Westleigh,19799.0,3823.0,2792.0,3400.0,19.309056012929947,14.101722309207535,17.172584473963333,1.3131976362442546,96.67154906813475,66.31648063033487
121011683,Castle Cove - Northbridge,17,1113,65.47058823529412,198.88235294117646,656,38.588235294117645,4.674,,Castle Cove - Northbridge,13563.0,2362.0,1647.0,2853.0,17.41502617415026,12.143331121433311,21.035169210351693,1.2534100125341001,82.0614908206149,48.36688048366881
122031696,Frenchs Forest - Oxford Falls,22,1470,66.81818181818181,189.63636363636363,740,33.63636363636363,4.792222222222223,,Frenchs Forest - Oxford Falls,17622.0,3529.0,2398.0,2912.0,20.026103733968903,13.607990012484395,16.524798547270457,1.2484394506866416,83.41845420497106,41.99296334127794
127011728,Leppington - Catherine Field,24,2082,86.75,167.58333333333334,680,28.333333333333332,4.761818181818182,,Leppington - Catherine Field,19426.0,5121.0,4442.0,1844.0,26.361577267579534,22.866261711108823,9.492432821991144,1.2354576340986307,107.1759497580562,35.00463296612787
119021662,Earlwood,22,1741,79.13636363636364,198.04545454545453,883,40.13636363636363,4.4494444444444445,,Earlwood,18113.0,2769.0,3215.0,3711.0,15.287362667697234,17.74968254844587,20.488047258874843,1.2145972505934965,96.1188096946944,48.74951692154806
124031708,Jordan Springs - Llandilo,18,1254,69.66666666666667,196.5,728,40.44444444444444,4.585555555555556,,Jordan Springs - Llandilo,15286.0,4150.0,3510.0,1040.0,27.14902525186445,22.962187622661258,6.803611147455188,1.1775480832133978,82.03584979720004,47.625278032186316
124051580,Colyton - Oxley Park,16,975,60.9375,270.9375,608,38.0,4.8075,,Colyton - Oxley Park,13697.0,2984.0,3253.0,1777.0,21.785792509308607,23.749726217419873,12.973643863619772,1.1681390085420167,71.18347083302913,44.38928232459663
120031393,Croydon Park - Enfield,21,832,39.61904761904762,158.9047619047619,339,16.142857142857142,4.680588235294117,,Croydon Park - Enfield,18142.0,2776.0,3805.0,3427.0,15.301510307573585,20.97343181567633,18.889868812699813,1.1575350016536214,45.86043435122919,18.68592216955132
124031459,Emu Plains - Leonay,16,1044,65.25,278.8125,555,34.6875,4.716875,,Emu Plains - Leonay,13828.0,2591.0,2449.0,2705.0,18.73734451836853,17.710442580271913,19.561758750361584,1.1570726063060457,75.49898756146949,40.13595603124096
119041379,Kogarah Bay - Carlton - Allawah,20,525,26.25,165.35,336,16.8,4.778125,,Kogarah Bay - Carlton - Allawah,17301.0,2436.0,4634.0,2901.0,14.080110976244148,26.78457892607364,16.767816889197157,1.156002543205595,30.34506675914687,19.420842725853994
116021631,Schofields (West) - Colebee,16,1011,63.1875,210.0625,533,33.3125,4.725714285714285,,Schofields (West) - Colebee,13942.0,3740.0,2761.0,717.0,26.825419595466936,19.803471524888824,5.142734184478554,1.1476115334959116,72.51470377277292,38.229809209582555
125041589,Wentworthville - Westmead,27,2738,101.4074074074074,188.55555555555554,1179,43.666666666666664,4.741363636363636,,Wentworthville - Westmead,23666.0,4596.0,7078.0,2088.0,19.420265359587592,29.9078847291473,8.822783740387054,1.1408772078086706,115.69339981407927,49.81830474097862
119021661,Canterbury - South,15,1069,71.26666666666667,192.13333333333333,354,23.6,4.636363636363637,,Canterbury - South,13175.0,2010.0,3666.0,1760.0,15.2561669829222,27.825426944971536,13.35863377609108,1.1385199240986716,81.13851992409866,26.869070208728655
120011383,Concord - Mortlake - Cabarita,27,2646,98.0,138.7037037037037,1305,48.333333333333336,4.639565217391304,,Concord - Mortlake - Cabarita,23786.0,3468.0,4236.0,5193.0,14.580005044984446,17.808795089548475,21.832170184141933,1.1351215000420416,111.24190700412007,54.86420583536534
125021477,Ermington - Rydalmere,30,1900,63.333333333333336,220.56666666666666,922,30.733333333333334,4.644,,Ermington - Rydalmere,26490.0,4654.0,6016.0,3636.0,17.568893922234803,22.71045677614194,13.725934314835786,1.1325028312570782,71.72517931294828,34.80558701396753
119041377,Kingsgrove (South) - Bardwell Park,15,1712,114.13333333333334,157.6,840,56.0,4.73,,Kingsgrove (South) - Bardwell Park,13340.0,2061.0,2597.0,2697.0,15.449775112443778,19.46776611694153,20.217391304347824,1.1244377811094453,128.33583208395802,62.96851574212893
123011433,Camden - Ellis Lane,15,1083,72.2,229.2,601,40.06666666666667,4.8938461538461535,,Camden - Ellis Lane,13397.0,2586.0,2057.0,2905.0,19.302828991565278,15.354183772486376,21.68395909531985,1.1196536538030901,80.83899380458313,44.860789729043816
119021659,Campsie - North,14,807,57.642857142857146,205.21428571428572,124,8.857142857142858,4.717272727272728,,Campsie - North,12541.0,1289.0,4093.0,1793.0,10.278287217925206,32.6369508013715,14.297105493979748,1.1163384100151503,64.34893549158758,9.887568774419902
121011682,Artarmon,11,466,42.36363636363637,203.36363636363637,86,7.818181818181818,4.91,,Artarmon,9861.0,1742.0,2333.0,1248.0,17.665551161139845,23.658858127978906,12.655917249771829,1.1155055268228375,47.256870499949294,8.721225027887638
127011727,Gledswood Hills - Gregory Hills,21,1107,52.714285714285715,165.47619047619048,392,18.666666666666668,4.6284210526315785,,Gledswood Hills - Gregory Hills,19400.0,5481.0,4630.0,998.0,28.25257731958763,23.8659793814433,5.144329896907217,1.0824742268041239,57.06185567010309,20.20618556701031
125011582,Auburn - Central,23,1008,43.82608695652174,191.2608695652174,238,10.347826086956522,4.560625,,Auburn - Central,21283.0,3448.0,7887.0,2124.0,16.200723582201757,37.05774561856881,9.979796081379504,1.08067471691021,47.36174411502138,11.182634027157825
125011584,Auburn - South,10,738,73.8,265.3,233,23.3,4.647,,Auburn - South,9330.0,1937.0,2448.0,1114.0,20.760986066452304,26.237942122186496,11.939978563772776,1.0718113612004287,79.09967845659165,24.97320471596999
125041494,Winston Hills,12,96,8.0,333.0833333333333,17,1.4166666666666667,4.3500000000000005,,Winston Hills,11207.0,2267.0,1692.0,2060.0,20.22842866065852,15.097706790398856,18.38136878736504,1.0707593468367984,8.566074774694387,1.5169090746854645
125031716,South Wentworthville,8,84,10.5,220.375,44,5.5,3.007142857142857,,South Wentworthville,7629.0,1533.0,1829.0,957.0,20.094376720408967,23.97430855944423,12.544239087691702,1.0486302267662866,11.010617381046009,5.767466247214576
116011304,Blacktown (North) - Marayong,22,900,40.90909090909091,266.1818181818182,236,10.727272727272727,4.306315789473683,,Blacktown (North) - Marayong,21282.0,4223.0,5082.0,2938.0,19.843059862794853,23.879334648999155,13.805093506249413,1.0337374306926042,42.289258528333804,11.089183347429753
125021712,Carlingford - West,21,1827,87.0,155.47619047619048,409,19.476190476190474,4.663333333333333,,Carlingford - West,20603.0,4198.0,3673.0,3252.0,20.375673445614716,17.827500849390866,15.784109110323739,1.0192690384895402,88.67640634859002,19.85147794010581
128021536,Oyster Bay - Como - Jannali,23,1390,60.43478260869565,94.91304347826087,840,36.52173913043478,4.854761904761905,,Oyster Bay - Como - Jannali,22773.0,4682.0,3273.0,3915.0,20.559434417951085,14.372282966671058,17.19141088130681,1.0099679444956746,61.0371931673473,36.88578579897247
116011306,Doonside - Woodcroft,24,318,13.25,201.91666666666666,251,10.458333333333334,4.491764705882353,,Doonside - Woodcroft,23905.0,4543.0,5054.0,3300.0,19.004392386530014,21.142020497803806,13.804643380046016,1.0039740640033465,13.302656348044342,10.499895419368332
119031370,Narwee - Beverly Hills,14,522,37.285714285714285,228.57142857142858,220,15.714285714285714,4.3549999999999995,,Narwee - Beverly Hills,13975.0,2098.0,3195.0,2659.0,15.01252236135957,22.862254025044724,19.026833631484795,1.001788908765653,37.35241502683363,15.742397137745977
116021629,Marsden Park - Shanes Park,27,1840,68.14814814814815,225.44444444444446,495,18.333333333333332,4.765652173913043,,Marsden Park - Shanes Park,27263.0,8117.0,5517.0,1366.0,29.772952353005905,20.236217584271724,5.010453728496497,0.9903532259839343,67.49073836334959,18.156475809705462
119041669,Bexley - North,10,432,43.2,205.0,267,26.7,4.724444444444445,,Bexley - North,10150.0,1909.0,2068.0,1748.0,18.807881773399014,20.374384236453203,17.22167487684729,0.9852216748768472,42.5615763546798,26.305418719211822
127021512,Cabramatta West - Mount Pritchard,18,1588,88.22222222222223,224.83333333333334,1076,59.77777777777778,4.5717647058823525,,Cabramatta West - Mount Pritchard,18536.0,3316.0,4047.0,2949.0,17.889512300388432,21.833189469141132,15.909581355200691,0.9710832973672853,85.67112645662495,58.049201553733276
125041491,Northmead,21,1523,72.52380952380952,176.61904761904762,688,32.76190476190476,4.5268421052631584,,Northmead,21706.0,3945.0,6540.0,2429.0,18.17469824011794,30.129917995024417,11.190454252280475,0.9674744310328941,70.1649313553856,31.696305169077675
128011529,Gymea - Grays Point,18,1085,60.27777777777778,164.66666666666666,794,44.111111111111114,4.873529411764705,,Gymea - Grays Point,18647.0,3580.0,2983.0,3341.0,19.198798734380865,15.997211347669865,17.917091221107952,0.9653027296616078,58.186303426824686,42.58057596396203
124031462,Kingswood - Werrington,26,2262,87.0,239.53846153846155,1722,66.23076923076923,4.742608695652174,,Kingswood - Werrington,27206.0,5898.0,6541.0,2894.0,21.679041387929132,24.042490627067558,10.63735940601338,0.955671543041976,83.14342424465191,63.29486142762626
119031371,Oatley - Hurstville Grove,12,950,79.16666666666667,180.08333333333334,341,28.416666666666668,4.8374999999999995,,Oatley - Hurstville Grove,12839.0,2034.0,2416.0,2539.0,15.842355323623336,18.817664927175013,19.77568346444427,0.9346522314822027,73.99330165900771,26.559700911285926
125031714,Merrylands - Holroyd,24,1671,69.625,158.08333333333334,626,26.083333333333332,4.489,,Merrylands - Holroyd,25807.0,5164.0,7093.0,3071.0,20.0100747859108,27.48479094819235,11.899872127717286,0.9299802379199442,64.74987406517612,24.256984539078545
125031480,Fairfield - East,15,1053,70.2,141.13333333333333,567,37.8,4.372,,Fairfield - East,16206.0,3069.0,3800.0,2535.0,18.9374305812662,23.448105639886464,15.642354683450574,0.9255831173639393,64.97593483894853,34.9870418363569
121031410,St Ives,21,1812,86.28571428571429,196.71428571428572,671,31.952380952380953,4.868,,St Ives,22724.0,4681.0,2524.0,4838.0,20.59936630874846,11.107199436718886,21.29026579827495,0.9241330751628235,79.73948248547791,29.528252068297835
125031481,Granville - Clyde,23,1287,55.95652173913044,198.6086956521739,470,20.434782608695652,4.383529411764705,,Granville - Clyde,24966.0,4183.0,8458.0,2694.0,16.754786509653126,33.878074180886,10.790675318433069,0.9212529039493711,51.550108147080024,18.825602819834973
125041490,North Rocks,8,703,87.875,209.625,215,26.875,4.854285714285714,,North Rocks,8692.0,1688.0,1279.0,1671.0,19.420156465715603,14.71468016566958,19.22457432121491,0.9203865623561897,80.87896916705016,24.735388863322594
119041670,Bexley - South,15,694,46.266666666666666,171.06666666666666,267,17.8,4.332857142857143,,Bexley - South,16378.0,2398.0,4575.0,2671.0,14.641592380021981,27.93381365246062,16.30846257174258,0.9158627427036268,42.373916229087804,16.302356820124558
122031692,Belrose,8,525,65.625,236.25,68,8.5,4.753333333333333,,Belrose,8786.0,1543.0,1054.0,2110.0,17.56203050307307,11.996357842021398,24.01547917140906,0.9105394946505805,59.754154336444344,7.739585704529934
121021403,Asquith - Mount Colah,21,1401,66.71428571428571,219.57142857142858,1089,51.857142857142854,4.683157894736842,,Asquith - Mount Colah,23268.0,4470.0,3698.0,3441.0,19.21093347086127,15.893072030256144,14.788550799381126,0.9025270758122744,60.21144920061887,46.802475502836515
116011307,Lalor Park - Kings Langley,23,1770,76.95652173913044,127.73913043478261,1506,65.47826086956522,4.8325000000000005,,Lalor Park - Kings Langley,25926.0,4955.0,5016.0,4210.0,19.112088251176427,19.34737329321916,16.23852503278562,0.8871403224562215,68.27123351076139,58.088405461698684
119031666,Mortdale - Oatley,13,1300,100.0,208.69230769230768,454,34.92307692307692,4.595,,Mortdale - Oatley,15217.0,2577.0,3201.0,2628.0,16.93500690017743,21.035683774725637,17.270158375501087,0.8543076821975423,85.43076821975421,29.83505290136032
115041623,Box Hill - Nelson,19,1192,62.73684210526316,212.94736842105263,383,20.157894736842106,4.824210526315789,,Box Hill - Nelson,22420.0,6466.0,4433.0,1195.0,28.840321141837645,19.772524531668154,5.330062444246209,0.847457627118644,53.16681534344335,17.082961641391613
115041624,North Kellyville,18,1510,83.88888888888889,182.94444444444446,484,26.88888888888889,4.6146666666666665,,North Kellyville,21350.0,5462.0,3688.0,1652.0,25.583138173302107,17.27400468384075,7.737704918032787,0.8430913348946136,70.72599531615926,22.669789227166277
127031522,Casula,14,955,68.21428571428571,213.78571428571428,574,41.0,4.864,,Casula,16801.0,3503.0,3532.0,2424.0,20.849949407773348,21.022558181060653,14.42771263615261,0.8332837331111244,56.84185465150884,34.164633057556095
119031372,Peakhurst - Lugarno,17,935,55.0,162.76470588235293,272,16.0,4.3757142857142854,,Peakhurst - Lugarno,20852.0,3561.0,3712.0,4328.0,17.077498561289083,17.801649721849223,20.75580280069058,0.8152695185114138,44.83982351812776,13.044312296182621
120031576,Strathfield South,3,6,2.0,241.33333333333334,51,17.0,4.55,,Strathfield South,3712.0,627.0,783.0,593.0,16.89116379310345,21.09375,15.975215517241379,0.8081896551724138,1.6163793103448276,13.739224137931034
119031667,Penshurst,8,282,35.25,126.875,208,26.0,4.698571428571428,,Penshurst,10019.0,1373.0,2858.0,1659.0,13.703962471304521,28.52580097814153,16.558538776324983,0.7984828825232059,28.146521608943008,20.760554945603353
115011290,Baulkham Hills - East,20,1045,52.25,222.15,418,20.9,3.9617647058823526,,Baulkham Hills - East,25103.0,5267.0,4024.0,3900.0,20.981555989323986,16.029956578894954,15.535991714137754,0.7967175238019361,41.628490618651156,16.651396247460465
116011626,Seven Hills - Prospect,12,210,17.5,267.6666666666667,45,3.75,4.71,,Seven Hills - Prospect,15135.0,2595.0,3427.0,2460.0,17.145688800792865,22.642880740006607,16.253716551040633,0.7928642220019821,13.875123885034688,2.973240832507433
116011561,Blacktown - West,14,906,64.71428571428571,222.5,446,31.857142857142858,4.690769230769231,,Blacktown - West,17786.0,3275.0,4523.0,2437.0,18.413358821545035,25.430113572472727,13.701787923085574,0.7871359496232992,50.93894073990779,25.075902395142247
119021663,Kingsgrove - North,5,591,118.2,125.0,791,158.2,4.883333333333334,,Kingsgrove - North,6441.0,1188.0,1182.0,1283.0,18.444340940847695,18.351187703772705,19.91926719453501,0.7762769756249029,91.75593851886353,122.80701754385964
115011557,Castle Hill - West,4,516,129.0,130.25,387,96.75,4.885,,Castle Hill - West,5192.0,826.0,857.0,870.0,15.909090909090908,16.506163328197225,16.756548536209554,0.7704160246533128,99.38366718027734,74.53775038520801
125011587,Regents Park,4,375,93.75,259.25,216,54.0,4.475,,Regents Park,5301.0,869.0,1410.0,865.0,16.393133371062063,26.59875495189587,16.317675910205622,0.7545746085644218,70.74136955291455,40.74702886247878
116021628,Kellyville Ridge - The Ponds,16,1182,73.875,264.875,202,12.625,4.5216666666666665,,Kellyville Ridge - The Ponds,21655.0,5037.0,3245.0,1916.0,23.260217039944585,14.984991918725468,8.847841145232048,0.7388593858231355,54.58323712768414,9.328099746017086
115011622,Kellyville - West,10,1062,106.2,143.6,757,75.7,4.42,,Kellyville - West,13879.0,2801.0,2792.0,1763.0,20.181569277325455,20.116723106852078,12.702644282729302,0.7205130052597449,76.5184811585849,54.54283449816269
115011296,West Pennant Hills,9,441,49.0,221.88888888888889,196,21.77777777777778,4.7749999999999995,,West Pennant Hills,12513.0,2036.0,1875.0,2893.0,16.271078078798052,14.98441620714457,23.119955246543594,0.7192519779429394,35.24334691920403,15.663709741868457
115011555,Castle Hill - North,9,544,60.44444444444444,243.33333333333334,252,28.0,4.5575,,Castle Hill - North,12572.0,2248.0,1721.0,2431.0,17.881005408845052,13.689150493159403,19.33662106267897,0.7158765510658607,43.27076041998091,20.0445434298441
119031665,Hurstville - North,9,570,63.333333333333336,224.66666666666666,128,14.222222222222221,4.3575,,Hurstville - North,12701.0,1686.0,3473.0,2331.0,13.274545311392805,27.344303598141877,18.35288559955909,0.7086056216045981,44.878356034957875,10.077946618376505
124031460,Glenmore Park - Regentville,15,807,53.8,251.46666666666667,206,13.733333333333333,4.861111111111111,,Glenmore Park - Regentville,21270.0,4375.0,4186.0,2436.0,20.56887635166902,19.680300893276918,11.452750352609309,0.7052186177715092,37.94076163610719,9.685002350728725
116011560,Blacktown - South,9,528,58.666666666666664,138.11111111111111,469,52.111111111111114,4.797777777777778,,Blacktown - South,12797.0,2439.0,2838.0,1796.0,19.059154489333437,22.177072751426117,14.034539345159022,0.7032898335547394,41.259670235211374,36.64921465968586
126021722,Denistone,5,408,81.6,218.0,457,91.4,4.81,,Denistone,7143.0,1172.0,1243.0,1461.0,16.40767184656307,17.40165196696066,20.453590928181438,0.6999860002799945,57.11885762284755,63.97872042559148
116021630,Riverstone,13,950,73.07692307692308,226.30769230769232,150,11.538461538461538,4.607,,Riverstone,18860.0,4878.0,4279.0,1394.0,25.864262990455995,22.688229056203603,7.391304347826087,0.689289501590668,50.3711558854719,7.953340402969246
124031463,Mulgoa - Luddenham - Orchard Hills,9,264,29.333333333333332,177.0,206,22.88888888888889,4.825555555555556,,Mulgoa - Luddenham - Orchard Hills,13127.0,2986.0,2544.0,1605.0,22.747009979431706,19.37990401462634,12.226708311114496,0.685609811838196,20.111221147253755,15.692846804296487
127021516,Fairfield - West,15,1478,98.53333333333333,167.46666666666667,785,52.333333333333336,4.749285714285714,,Fairfield - West,22025.0,4063.0,4705.0,3498.0,18.4472190692395,21.362088535754825,15.88195232690125,0.681044267877412,67.105561861521,35.64131668558456
121031411,Turramurra,14,440,31.428571428571427,192.14285714285714,324,23.142857142857142,4.682,,Turramurra,20694.0,3532.0,2656.0,4760.0,17.06774910602107,12.834638059340872,23.001836281047648,0.6765245965014014,21.262201604329757,15.656712090461003
120031681,Strathfield - West,6,108,18.0,306.6666666666667,47,7.833333333333333,4.8500000000000005,,Strathfield - West,8981.0,1273.0,2038.0,1833.0,14.174368110455408,22.692350517759717,20.40975392495268,0.6680770515532791,12.025386927959024,5.233270237167353
119011355,Chullora,1,0,0.0,365.0,0,0.0,,,Chullora,1506.0,276.0,438.0,150.0,18.326693227091635,29.08366533864542,9.9601593625498,0.6640106241699867,0.0,0.0
123021437,Campbelltown - Woodbine,16,886,55.375,149.8125,597,37.3125,4.724285714285714,,Campbelltown - Woodbine,24397.0,4657.0,6003.0,3511.0,19.088412509734802,24.605484280854203,14.391113661515762,0.6558183383202852,36.31594048448579,24.470221748575646
128021538,Sutherland - Kirrawee,16,645,40.3125,186.625,543,33.9375,4.933333333333334,,Sutherland - Kirrawee,24447.0,3983.0,5708.0,4092.0,16.292387614022168,23.3484681146971,16.738250092035834,0.6544770319466602,26.383605350349736,22.211314271689776
127031733,Prestons,10,618,61.8,236.6,165,16.5,4.675,,Prestons,15535.0,3060.0,3184.0,1719.0,19.69745735436112,20.49565497264242,11.065336337302863,0.643707756678468,39.78113936272932,10.621177985194722
119021660,Campsie - South,6,126,21.0,240.16666666666666,26,4.333333333333333,3.8575,,Campsie - South,9454.0,948.0,3169.0,1326.0,10.027501586629999,33.520203088639725,14.025809181298921,0.6346519991537973,13.327691982229744,2.7501586629997883
128021607,Engadine,11,1322,120.18181818181819,202.72727272727272,509,46.27272727272727,4.868,,Engadine,17720.0,3755.0,2699.0,3061.0,21.19074492099323,15.231376975169301,17.274266365688487,0.6207674943566591,74.60496613995485,28.724604966139953
116021563,Quakers Hill,16,414,25.875,314.1875,193,12.0625,4.745555555555556,,Quakers Hill,25952.0,5780.0,5383.0,2554.0,22.271886559802713,20.74213933415536,9.841245376078914,0.6165228113440198,15.95252774352651,7.436806411837238
119011361,Yagoona - Birrong,14,618,44.142857142857146,149.57142857142858,359,25.642857142857142,4.603076923076923,,Yagoona - Birrong,23405.0,4865.0,5413.0,3541.0,20.786156804101687,23.127536851100192,15.129245887630848,0.598162785729545,26.404614398632773,15.33860286263619
116031314,Glendenning - Dean Park,5,402,80.4,271.8,129,25.8,4.676,,Glendenning - Dean Park,8394.0,1868.0,1823.0,879.0,22.25399094591375,21.71789373361925,10.471765546819157,0.5956635692161067,47.89135096497498,15.368120085775555
119021367,Roselands,9,549,61.0,246.66666666666666,183,20.333333333333332,4.806666666666667,,Roselands,15135.0,2878.0,3095.0,2487.0,19.01552692434754,20.449289725801123,16.432111000991082,0.5946481665014867,36.27353815659069,12.091179385530229
119011656,Greenacre - South,8,252,31.5,249.5,62,7.75,4.678333333333334,,Greenacre - South,13612.0,3179.0,2732.0,1845.0,23.354393182486042,20.070526006464885,13.55421686746988,0.5877167205406995,18.51307669703203,4.55480458419042
123021705,Ingleburn,10,956,95.6,255.8,319,31.9,4.715,,Ingleburn,17167.0,3406.0,3557.0,2573.0,19.840391448709735,20.71998601968894,14.988058484301275,0.5825129609133803,55.68823906331916,18.582163453136832
116011627,Toongabbie - West,7,324,46.285714285714285,229.85714285714286,501,71.57142857142857,4.841666666666667,,Toongabbie - West,12215.0,2391.0,2745.0,1702.0,19.574293900941463,22.47237003683995,13.933688088415883,0.5730659025787965,26.524764633647155,41.01514531313958
127031524,Holsworthy - Wattle Grove,12,531,44.25,306.0,411,34.25,4.796666666666667,,Holsworthy - Wattle Grove,21269.0,4472.0,4458.0,2593.0,21.025906248530728,20.960082749541588,12.19145234848841,0.5642014199069068,24.965912830880626,19.323898631811556
116031319,Rooty Hill - Minchinbury,13,940,72.3076923076923,168.3846153846154,507,39.0,4.766666666666667,,Rooty Hill - Minchinbury,23218.0,4595.0,4799.0,3392.0,19.790679645102937,20.66930829528814,14.609354810922559,0.5599104143337066,40.48582995951417,21.836506159014558
128021609,Woronora Heights,2,180,90.0,279.5,105,52.5,4.96,,Woronora Heights,3598.0,583.0,619.0,620.0,16.20344635908838,17.204002223457476,17.231795441912173,0.5558643690939411,50.0277932184547,29.182879377431906
123011699,Elderslie - Narellan,8,1194,149.25,242.375,1061,132.625,4.808571428571428,,Elderslie - Narellan,14666.0,3310.0,2801.0,1988.0,22.569207691258693,19.098595390699575,13.555161598254466,0.5454793399699986,81.4127914905223,72.34419746352107
115041625,Rouse Hill - Beaumont Hills,10,1110,111.0,221.4,590,59.0,4.88,,Rouse Hill - Beaumont Hills,18601.0,3652.0,3081.0,1948.0,19.633353045535188,16.563625611526263,10.472555238965647,0.537605505080372,59.6742110639213,31.71872479974195
119011655,Greenacre - North,8,132,16.5,240.375,117,14.625,4.430000000000001,,Greenacre - North,15221.0,3355.0,3164.0,2216.0,22.041915774259245,20.787070494711255,14.558833190986137,0.525589645883976,8.672229157085605,7.68674857105315
124031707,Cranebrook - Castlereagh,9,1173,130.33333333333334,155.44444444444446,366,40.666666666666664,4.71625,,Cranebrook - Castlereagh,17326.0,3812.0,3790.0,2076.0,22.001616068336606,21.87463927046058,11.981992381392127,0.5194505367655546,67.70171995844396,21.12432182846589
127031599,Lurnea - Cartwright,7,150,21.428571428571427,214.0,35,5.0,4.824285714285714,,Lurnea - Cartwright,13522.0,3196.0,2979.0,1755.0,23.63555687028546,22.030764679781097,12.978849282650495,0.5176749001626978,11.093033574914953,2.5883745008134893
125031483,Guildford - South Granville,12,657,54.75,191.08333333333334,214,17.833333333333332,4.475454545454546,,Guildford - South Granville,23787.0,5545.0,5867.0,2872.0,23.31105225543364,24.664732837264054,12.073821835456341,0.5044772354647497,27.620128641695047,8.99651069912137
127011729,Oran Park,12,682,56.833333333333336,225.08333333333334,369,30.75,4.763,,Oran Park,24055.0,7079.0,5470.0,1300.0,29.428393265433385,22.73955518603201,5.40428185408439,0.4988567865308668,28.35169403450426,15.339846185824154
124051470,St Clair,10,150,15.0,78.3,105,10.5,4.4350000000000005,,St Clair,20377.0,4087.0,4148.0,3030.0,20.056926927418168,20.35628404573784,14.869706041124797,0.4907493742945478,7.361240614418216,5.152868430092752
124031457,Cambridge Park,8,530,66.25,210.625,669,83.625,4.797142857142857,,Cambridge Park,16363.0,3365.0,3630.0,2634.0,20.56468862677993,22.184196052068692,16.09729267249282,0.48890790197396566,32.39014850577523,40.88492330257288
123021436,Bradbury - Wedderburn,10,354,35.4,318.5,128,12.8,4.47375,,Bradbury - Wedderburn,20701.0,4843.0,4517.0,2568.0,23.395005072218733,21.820201922612434,12.405197816530602,0.4830684507994783,17.10062315830153,6.183276170233322
115011553,Castle Hill - Central,4,587,146.75,119.75,343,85.75,4.8325,,Castle Hill - Central,8323.0,1544.0,1425.0,1396.0,18.55100324402259,17.121230325603747,16.77279826985462,0.48059593896431574,70.52745404301334,41.211101766190076
127021518,Horsley Park - Kemps Creek,2,102,51.0,202.0,41,20.5,4.76,,Horsley Park - Kemps Creek,4193.0,634.0,829.0,905.0,15.120438826615787,19.771046983067016,21.583591700453137,0.4769854519437157,24.326258049129503,9.778201764846173
115011558,Cherrybrook,9,519,57.666666666666664,236.22222222222223,551,61.22222222222222,4.748333333333333,,Cherrybrook,18948.0,3538.0,2408.0,3762.0,18.67215537259869,12.708465273379776,19.85433818872704,0.4749841671944268,27.39075364154528,29.079586236014354
123011701,Mount Annan,9,639,71.0,205.44444444444446,749,83.22222222222223,4.822222222222222,,Mount Annan,19501.0,4170.0,3922.0,2106.0,21.383518793908003,20.111789139018512,10.799446182247065,0.4615147941131224,32.76755038203169,38.408286754525406
125041493,Toongabbie - Constitution Hill,11,1425,129.54545454545453,96.63636363636364,451,41.0,4.704,,Toongabbie - Constitution Hill,23836.0,4172.0,5120.0,4048.0,17.5029367343514,21.480114113106225,16.98271522067461,0.46148682664876656,59.78352072495385,18.92095989259943
119021573,Lakemba,8,660,82.5,249.25,137,17.125,4.856,,Lakemba,17613.0,4169.0,4902.0,1759.0,23.670016465110997,27.831715210355988,9.986941463691592,0.4542099585533413,37.47232158065066,7.77834554022597
115011621,Kellyville - East,8,843,105.375,240.25,219,27.375,3.954285714285714,,Kellyville - East,17679.0,3499.0,2806.0,2333.0,19.79184343005826,15.871938458057583,13.196447762882515,0.45251428248204084,47.68369251654506,12.38757848294587
125031715,Pemulwuy - Greystanes (North),5,174,34.8,156.8,98,19.6,4.6825,,Pemulwuy - Greystanes (North),11060.0,2301.0,1904.0,1620.0,20.804701627486438,17.21518987341772,14.647377938517177,0.4520795660036166,15.73236889692586,8.860759493670887
128021533,Heathcote - Waterfall,3,120,40.0,197.0,66,22.0,4.9350000000000005,,Heathcote - Waterfall,6712.0,1247.0,1027.0,1388.0,18.578665077473183,15.300953516090585,20.67938021454112,0.4469606674612634,17.878426698450536,9.833134684147794
116031313,Bidwill - Hebersham - Emerton,8,336,42.0,280.75,116,14.5,4.677142857142857,,Bidwill - Hebersham - Emerton,18866.0,4785.0,4036.0,2548.0,25.36308703487756,21.392982084172584,13.50577758931411,0.424043252411746,17.80981660129333,6.148627159970316
127031730,Edmondson Park,7,500,71.42857142857143,163.57142857142858,156,22.285714285714285,4.598,,Edmondson Park,16918.0,4142.0,4150.0,900.0,24.482799385270127,24.530086298616858,5.31977775150727,0.4137604917838988,29.554320841707057,9.220948102612603
116031317,Mount Druitt - Whalan,10,1068,106.8,218.9,227,22.7,4.874444444444444,,Mount Druitt - Whalan,24170.0,5489.0,5378.0,2939.0,22.70997103847745,22.250724038063716,12.159702110053786,0.41373603640877116,44.187008688456764,9.391808026479106
128021608,Loftus - Yarrawarrah,3,258,86.0,318.6666666666667,312,104.0,4.743333333333333,,Loftus - Yarrawarrah,7424.0,1503.0,1108.0,1416.0,20.245150862068968,14.92456896551724,19.073275862068968,0.4040948275862069,34.752155172413794,42.025862068965516
124031461,Jamisontown - South Penrith,7,993,141.85714285714286,183.28571428571428,810,115.71428571428571,4.785714285714286,,Jamisontown - South Penrith,17589.0,3366.0,3852.0,3054.0,19.136960600375236,21.90005116834385,17.36312468019785,0.3979760077321053,56.45573938256865,46.051509466143614
127011597,West Hoxton - Middleton Grange,7,384,54.857142857142854,265.2857142857143,182,26.0,4.775714285714286,,West Hoxton - Middleton Grange,17840.0,4041.0,3613.0,1495.0,22.65134529147982,20.25224215246637,8.380044843049328,0.39237668161434974,21.524663677130047,10.201793721973095
127011504,Ashcroft - Busby - Miller,7,264,37.714285714285715,125.57142857142857,105,15.0,4.694,,Ashcroft - Busby - Miller,18224.0,4344.0,3756.0,2335.0,23.836698858647935,20.610184372256366,12.812774363476734,0.38410886742756806,14.486391571553995,5.761633011413521
116021633,Stanhope Gardens - Parklea,5,396,79.2,176.2,115,23.0,4.744999999999999,,Stanhope Gardens - Parklea,13185.0,2472.0,2437.0,1367.0,18.748577929465302,18.483124762988247,10.36784224497535,0.37921880925293894,30.034129692832764,8.722032612817596
119021574,Wiley Park,4,114,28.5,220.25,35,8.75,4.29,,Wiley Park,10570.0,2261.0,3279.0,1053.0,21.39072847682119,31.021759697256385,9.962157048249763,0.3784295175023652,10.785241248817409,3.3112582781456954
128021534,Illawong - Alfords Point,4,84,21.0,287.25,30,7.5,4.82,,Illawong - Alfords Point,10593.0,1794.0,1722.0,2320.0,16.935712262815066,16.256018125177004,21.901255546115358,0.3776078542433683,7.9297649391107345,2.832058906825262
116031315,Hassall Grove - Plumpton,8,881,110.125,186.125,303,37.875,4.662857142857143,,Hassall Grove - Plumpton,21541.0,4442.0,4786.0,2411.0,20.62114107980131,22.218095724432477,11.192609442458568,0.37138480107701594,40.89875121860638,14.066199340791977
119011354,Bass Hill - Georges Hall,9,843,93.66666666666667,301.55555555555554,768,85.33333333333333,4.6725,,Bass Hill - Georges Hall,24545.0,5546.0,4893.0,3747.0,22.595233245060093,19.9348136076594,15.265838256264006,0.36667345691586883,34.34508046445305,31.289468323487473
125041588,Pendle Hill - Girraween,5,102,20.4,177.8,44,8.8,4.904999999999999,,Pendle Hill - Girraween,14328.0,2995.0,2844.0,1775.0,20.903126744835287,19.849246231155778,12.388330541596874,0.3489670575097711,7.11892797319933,3.0709101060859854
116011303,Blacktown (East) - Kings Park,6,567,94.5,114.33333333333333,209,34.833333333333336,4.6033333333333335,,Blacktown (East) - Kings Park,18139.0,3149.0,5518.0,2126.0,17.360383703622027,30.42064060863333,11.720602017751805,0.33077898450851756,31.258614036054905,11.522134627046695
125031479,Chester Hill - Sefton,7,911,130.14285714285714,179.42857142857142,670,95.71428571428571,4.848571428571428,,Chester Hill - Sefton,21694.0,4463.0,4813.0,2994.0,20.572508527703512,22.185857840877663,13.801050981838298,0.32266986263482994,41.993177837190004,30.884115423619434
116021309,Glenwood,5,324,64.8,253.6,139,27.8,4.8,,Glenwood,16005.0,3001.0,3011.0,1737.0,18.75039050296782,18.812870977819433,10.852858481724462,0.31240237425804435,20.243673851921272,8.684786004373633
127011595,Hinchinbrook,4,84,21.0,340.0,14,3.5,4.79,,Hinchinbrook,13035.0,2624.0,2761.0,1577.0,20.13041810510165,21.18143459915612,12.0981971614883,0.3068661296509398,6.444188722669736,1.0740314537782893
127021519,Smithfield - Wetherill Park,6,459,76.5,314.3333333333333,204,34.0,4.534000000000001,,Smithfield - Wetherill Park,20128.0,3723.0,4081.0,3807.0,18.49662162162162,20.275238473767885,18.913950715421304,0.2980922098569157,22.804054054054053,10.135135135135135
128011605,Lilli Pilli - Port Hacking - Dolans Bay,1,6,6.0,348.0,4,4.0,4.75,,Lilli Pilli - Port Hacking - Dolans Bay,3366.0,632.0,553.0,645.0,18.77599524658348,16.428995840760546,19.162210338680925,0.29708853238265004,1.7825311942959001,1.1883541295306002
125031713,Greystanes - South,5,325,65.0,248.4,13,2.6,4.25,,Greystanes - South,16921.0,3421.0,3063.0,3186.0,20.21748123633355,18.10176703504521,18.82867442822528,0.29549081023580165,19.206902665327107,0.7682761066130844
127011593,Cecil Hills,2,108,54.0,257.0,39,19.5,4.67,,Cecil Hills,6848.0,1056.0,1506.0,985.0,15.42056074766355,21.99182242990654,14.38376168224299,0.29205607476635514,15.771028037383175,5.695093457943925
119021366,Punchbowl,6,144,24.0,268.3333333333333,68,11.333333333333334,4.704,,Punchbowl,22376.0,4449.0,5653.0,3039.0,19.88291026099392,25.263675366464067,13.58151590990347,0.2681444404719342,6.435466571326421,3.0389703253485876
124041468,Yarramundi - Londonderry,2,273,136.5,239.5,54,27.0,4.305,,Yarramundi - Londonderry,7689.0,1191.0,1718.0,1099.0,15.489660554038236,22.34360775133307,14.293146052802705,0.26011184809468074,35.505267264923916,7.023019898556379
127031523,Chipping Norton - Moorebank,5,643,128.6,248.4,230,46.0,4.6,,Chipping Norton - Moorebank,21851.0,4764.0,4080.0,3211.0,21.802205848702577,18.671914328863668,14.694979634799324,0.2288224795203881,29.42657086632191,10.525834057937852
116031316,Lethbridge Park - Tregear,5,198,39.6,275.0,87,17.4,4.736666666666666,,Lethbridge Park - Tregear,22620.0,5864.0,4882.0,2457.0,25.923961096374885,21.582670203359857,10.86206896551724,0.22104332449160033,8.753315649867375,3.8461538461538463
123021438,Claymore - Eagle Vale - Raby,4,380,95.0,232.5,55,13.75,4.943333333333333,,Claymore - Eagle Vale - Raby,20449.0,4539.0,3995.0,2704.0,22.196684434446674,19.536407648295757,13.223140495867769,0.19560858721697882,18.582815785612986,2.6896180742334588
115011554,Castle Hill - East,1,138,138.0,262.0,42,42.0,4.98,,Castle Hill - East,5384.0,667.0,584.0,1991.0,12.388558692421991,10.846953937592868,36.97994056463596,0.18573551263001484,25.63150074294205,7.800891530460624
123021443,Minto - St Andrews,4,174,43.5,43.25,75,18.75,4.8025,,Minto - St Andrews,21952.0,4838.0,4282.0,2763.0,22.03899416909621,19.506195335276967,12.586552478134111,0.18221574344023322,7.926384839650146,3.4165451895043732
123011702,Spring Farm,2,291,145.5,196.5,85,42.5,4.66,,Spring Farm,11379.0,3220.0,2851.0,699.0,28.297741453554792,25.054925740398982,6.142894806221988,0.17576236927673783,25.573424729765357,7.469900694261359
123021441,Leumeah - Minto Heights,3,120,40.0,310.0,215,71.66666666666667,4.945,,Leumeah - Minto Heights,17155.0,3416.0,3386.0,3015.0,19.912561935295834,19.737685805887498,17.575051005537745,0.17487612940833577,6.995045176333431,12.532789274264063
123011700,Harrington Park,2,411,205.5,187.0,124,62.0,4.970000000000001,,Harrington Park,11441.0,2438.0,1998.0,1197.0,21.309326107857704,17.463508434577395,10.462372170264837,0.17480989424001397,35.923433266322874,10.838213442880866
115041301,Pitt Town - McGraths Hill,2,66,33.0,258.0,20,10.0,4.5,,Pitt Town - McGraths Hill,12043.0,2413.0,2077.0,1980.0,20.036535746906917,17.246533255833263,16.441086108112597,0.16607157684962218,5.4803620360375325,1.660715768496222
128021535,Menai - Lucas Heights - Woronora,3,350,116.66666666666667,249.66666666666666,75,25.0,4.8999999999999995,,Menai - Lucas Heights - Woronora,20901.0,3976.0,3428.0,3723.0,19.023013252954403,16.40112913257739,17.81254485431319,0.14353380221042056,16.745610257882397,3.588345055260514
123021706,Macquarie Fields,2,132,66.0,242.5,200,100.0,4.675000000000001,,Macquarie Fields,14477.0,3148.0,2757.0,2119.0,21.744836637424882,19.044000828901016,14.637010430337776,0.13815016923395732,9.117911169441182,13.815016923395731
123021444,Rosemeadow - Glen Alpine,3,72,24.0,218.0,12,4.0,5.0,,Rosemeadow - Glen Alpine,22207.0,4503.0,4299.0,3814.0,20.277390012158328,19.358760751114513,17.17476471382897,0.1350925383887963,3.242220921331112,0.5403701535551853
127021509,Bonnyrigg Heights - Bonnyrigg,2,156,78.0,174.5,37,18.5,4.195,,Bonnyrigg Heights - Bonnyrigg,17421.0,2954.0,3793.0,2936.0,16.9565466965157,21.772573331037254,16.853223121520006,0.11480397221743872,8.95470983296022,2.1238734860226165
127021510,Bossley Park - Abbotsbury,2,24,12.0,223.0,4,2.0,5.0,,Bossley Park - Abbotsbury,19723.0,3263.0,3769.0,3940.0,16.544136287583026,19.109668914465345,19.97667697611925,0.10140445165542768,1.216853419865132,0.20280890331085535
127021520,St Johns Park - Wakeley,1,90,90.0,92.0,15,15.0,4.2,,St Johns Park - Wakeley,11178.0,1757.0,2231.0,2527.0,15.71837538021113,19.958847736625515,22.606906423331544,0.08946144211844695,8.051529790660224,1.3419216317767044
127011594,Green Valley,1,168,168.0,284.0,72,72.0,4.67,,Green Valley,12800.0,2280.0,2824.0,1894.0,17.8125,22.0625,14.796875000000002,0.078125,13.125,5.625
119011356,Condell Park,1,0,0.0,365.0,0,0.0,,,Condell Park,13380.0,2948.0,2798.0,1888.0,22.03288490284006,20.911808669656203,14.110612855007473,0.07473841554559044,0.0,0.0
119011658,Panania (South) - Picnic Point,1,0,0.0,365.0,0,0.0,,,Panania (South) - Picnic Point,16430.0,3149.0,2887.0,2769.0,19.1661594643944,17.57151552038953,16.853317102860622,0.06086427267194157,0.0,0.0
